DMS_ID,TITLE,AUTHOR,YEAR,RNA_TYPE,RNA_TYPE_GRANULAR,RAW_CONSTRUCT_SEQ,ASSAY_DESCRIPTION,PDB_STRUCTURE,RFAM_LINK,WT_DMS_SCORE,Notes,Rfam
Andreasson_2020_ribozyme,Comprehensive sequence-to-function mapping of cofactor-dependent RNA catalysis in the glmS ribozyme,Andreasson,2020,Ribozyme,Ribozyme riboswitch,AUAAAAGCGCCAGAACUACAGAAAUGUAGUUGACGAGGAGGAGGUUUAUCGAAUUUUCGGCGGAUGCCUCCAAA,Deep mutational scanning assay measuring the self-cleavage rates of ribozyme variants,PDB 2Z75,https://rfam.org/family/glmS,0.071215256,,RF00234
Beck_2022_ribozyme,Predicting higher-order mutational effects in an RNA enzyme by machine learning of high-throughput experimental data,Beck,2022,Ribozyme,Ribozyme,GGGGGCCACAGCAGAAGCGUUCACGUCGCGGCCCCUGUCAGAUUCUGGUGAAUCUGCGAAUUCUGCUGU,Deep mutational scanning assay measuring the self-cleavage activity of CPEB3 ribozyme variants using in vitro transcription,,https://rfam.org/family/CPEB3_ribozyme,/,,RF00622
Domingo_2018_tRNA,Pairwise and higher-order genetic interactions during the evolution of a tRNA,Domingo,2018,tRNA,tRNA,GUUCCGUUGGCGUAAUGGUAACGCGUCUCCCUCCUAAGGAGAAGACUGCGGGUUCGAGUCCCGUACGGAACG,Deep mutational scanning assay measuring the fitness effects of tRNA variants in yeast cells using a competitive growth assay and high-throughput sequencing,,https://rfam.org/family/tRNA,0,,RF00005
Guy_2014_tRNA,Identification of the determinants of tRNA function and susceptibility to rapid tRNA decay by high-throughput in vivo analysis.,Guy,2014,tRNA,tRNA,GAUCUAACAAAGUUCAUAAAGAAAUUACUCUCGGUAGCCAAGUUGGUUUAAGGCGCAAGACUUUAAUUUAUCACUACGAAAUCUUGAGAUCGGGCGUUCGACUCGCCCCCGGGAGAUUUUUUCCUCGAGCAA,Deep mutational scanning assay measuring the suppressor activity of tRNA variants in yeast cells using a fluorescent reporter,PDB 1EHZ,https://rfam.org/family/tRNA,1,,RF00005
Kobori_2015_ribozyme_j12,High-throughput assay and engineering of self-cleaving ribozymes by sequencing,Kobori,2015,Ribozyme,Lib-J1/2,GGGCCGCGACUCUAGAAGUGAUGCUCUGCAAGUAUAAUCGCGUGGAUAUGGCACGCAAGUUUCUACCGGGCACCGUAAAUGUCCGACUACUCCUAUUCCGGCACGUCCACGUCGUGCAGAGCGGUAACAUGCGUUACUAGGGGUGCAAGAGCUCUUUUUGAGGAGGAGCUCUUUUUGCUGCACUAGUUGCAUCAGAUGGUAACGCAUGGCUAAGCCGGAAAGGGGGAGAC,Deep mutational scanning assay measuring ligand-dependent self-cleavage activity of HDV-like ribozyme variants with a guanine aptamer inserted at the J1/2 position via 4 randomized connecting bases,,https://rfam.org/family/drz-agam-2-2,0.799794661,Used highest activity variant as WT +Guanine (AAGU),RF00167
Kobori_2015_ribozyme_p4,High-throughput assay and engineering of self-cleaving ribozymes by sequencing,Kobori,2015,Ribozyme,Lib-P4,GGGCCGCGACUCUAGAAGUGAUGCUCUGCAAAUGGGGUAGGAGGCGAUGCCUCGUCCUCAUACCCAACUCCUAUUCCGGCACGUCCACGUCGUGCAGAGCGGUAAUACUAUAAUCGCGUGGAUAUGGCACGCAAGUUUCUACCGGGCACCGUAAAUGUCCGACUAGUAGCUAAGCCGGAAAGGGGGAGAC,Deep mutational scanning assay measuring ligand-dependent self-cleavage activity of HDV-like ribozyme variants with a guanine aptamer inserted at the P4 position via 4 randomized connecting bases,,https://rfam.org/family/Purine,0.91841127,Used highest activity variant as WT +Guanine (AUAC),RF01788
Kobori_2018_ribozyme,Deep sequencing analysis of aptazyme variants based on a pistol ribozyme,Kobori,2018,Ribozyme,Pistol ribozyme,GGGTCGUUGUUCCATAATCGCGTGGATATGGCACGCAAGTTTCTACCGGGCACCGTAAATGTCCGACTGGAGCCGTTCGGGCGGCTATAAACAGACCTCAGGCCCGAAGCGTGGCGGCACCTGCCGCCGGTGGTAAAAAAGATCGGAAGAGCACACGTCT,"Deep mutational scanning assay measuring the self-cleavage activity of ribozyme variants in vitro, with and without the presence of guanine ",,https://rfam.org/family/Pistol,5.204340517,Used highest ON/Off ratio as WT (UUGUUCC),RF02679
Li_2016_tRNA,The fitness landscape of a tRNA gene,Li,2016,tRNA,tRNA,GUUCCGUUGGCGUAAUGGUAACGCGUCUCCCUCCUAAGGAGAAGACUGCGGGUUCGAGUCCCGUACGGAACG,Deep mutational scanning assay measuring the fitness of tRNA gene variants in yeast using competitive growth,,https://rfam.org/family/tRNA,1,,RF00005
Roberts_2023_cepeb3_ribozyme,RNA sequence to structure analysis from comprehensive pairwise mutagenesis of multiple self-cleaving ribozymes,Roberts,2023,Ribozyme,CPEB3 Ribozyme,GGGGGCCACAGCAGAAGCGUUCACGUCGCGGCCCCUGUCAGAUUCUGGUGAAUCUGCGAAUUCUGCUGU,Deep mutational scanning assay measuring the self-cleavage activity of ribozyme variants using in vitro co-transcriptional cleavage,,https://rfam.org/family/CPEB3_ribozyme,WT activitiy: 0.9. In fitness score: 1,,RF00622
Roberts_2023_HDV_ribozyme,RNA sequence to structure analysis from comprehensive pairwise mutagenesis of multiple self-cleaving ribozymes,Roberts,2023,Ribozyme,HDV Ribozyme,GGCCGGCAUGGUCCCAGCCUCCUCGCUGGCGCCGGCUGGGCAACAUUCCGAGGGGACCGUCCCCUCGGUAAUGGCGAAUGGGACCCA,Deep mutational scanning assay measuring the self-cleavage activity of ribozyme variants using in vitro co-transcriptional cleavage,,https://rfam.org/family/HDV_ribozyme,WT activitiy: 0.6. In fitness score: 1,,RF00094
Roberts_2023_hp_ribozyme,RNA sequence to structure analysis from comprehensive pairwise mutagenesis of multiple self-cleaving ribozymes,Roberts,2023,Ribozyme,Hairpin Ribozyme,GUCCUCUUUCACGUGCGCGUGAAAGAGAGAAGUGAACCAGAGAAACACACGUUGUGGUAUAUUACCUGGUA,Deep mutational scanning assay measuring the self-cleavage activity of ribozyme variants using in vitro co-transcriptional cleavage,,https://rfam.org/family/Hairpin,WT activitiy: 0.52. In fitness score: 1,,RF00173
Soo_2021_ribozyme,Fitness landscape of a dynamic RNA structure,Soo,2021,Ribozyme,Ribozyme,CUCUCUAGGUAGCAAUAUUACGACAUGGAGGGAAAAGUUAUCAGGCAUGCACCUGGUAGCUAGUCUUUAAACCAAUAGAUUGCAUCGGUUUAAAAGGCAAGACCGUCAAAUUGCGGGAAAGGGGUCAACAGCCGUUCAGUACCAAGUCUCAGGGGAAACUUUGAGAUGGCCUUGCAAAGGGUAUGGUAAUAAGCUGACGGACAUGGUCCUAACCACGCAGCCAAGUCCUAAGUCAACAGAUCUUCUGUUGAUAUGGAUGCAGUUCACAGACUAAAUGUCGGUCGGGGAAGAUGUAUUCUUCUCAUAAGAUAUAGUCGGACCUCUCCUUAAUGGGAGCUAGCGGAUGAAGUGAUGCAACACUGGAGCCGCUGGGAACUAAUUUGUAUGCGAAAGUAUAUUGAUUAGUUUUGGAGUACUCGUGGUCG,Deep mutational scanning assay measuring the impact of single and double nucleotide substitutions on ribozyme self-splicing activity in vitro,,https://rfam.org/family/Intron_gpI,0,,RF00028
